1:00,2:00,3:00,4:00,5:00,6:00,7:00,8:00,9:00,10:00,11:00,12:00,13:00,14:00,15:00,16:00,17:00,18:00,19:00,20:00,21:00,22:00,23:00,0:00
717.49,707.64,706.44,737.34,745.09,1540.13,1599.88,1575.38,735.64,736.24,736.44,724.44,698.64,690.54,670.24,672.74,659.04,1262.68,1785.88,2237.78,2178.08,773.74,725.29,682.14
651.39,636.34,615.34,623.74,656.19,1375.33,1608.88,1717.48,880.74,863.34,878.84,889.84,883.34,885.64,904.54,890.94,837.94,1703.48,2216.28,2374.08,2304.18,835.04,802.89,772.94
754.89,744.44,729.04,724.74,769.39,1627.63,1763.18,1827.68,933.04,848.64,897.84,911.04,908.14,1000.44,903.94,877.84,854.94,1888.78,2157.98,2095.28,2245.88,824.44,828.49,803.94
751.79,746.94,723.24,732.94,727.89,1511.43,1628.18,1777.18,904.24,914.44,893.74,902.14,822.94,888.64,903.84,852.14,784.14,1017.58,2035.72,1386.08,1036.88,826.94,771.89,767.84
722.89,596.24,595.24,595.24,635.19,1409.83,1556.18,1550.68,728.74,778.04,722.84,780.74,123.74,866.44,383.54,862.14,702.04,1708.98,2111.48,2385.98,2113.38,810.44,797.39,764.24
736.09,709.14,730.54,707.44,732.79,1504.23,1581.98,1724.08,872.74,858.54,897.44,897.34,879.64,912.64,891.54,920.14,854.94,1909.68,2166.58,2279.68,2198.57,657.54,767.19,658.37
711.69,716.84,717.84,664.78,692.59,1505.13,1744.68,1825.38,924.54,927.64,841.94,864.44,881.34,913.64,914.5,900.2,874.04,1795.28,2179.88,2281.08,2255.88,844.14,122.69,754.74
731.09,727.64,735.24,738.84,770.49,1610.93,1691.08,1744.28,862.84,843.64,838.34,844.94,832.64,844.94,837.34,821.1,787.94,1524.58,2162.98,2100.38,2273.58,856.94,841.99,815.04
784.39,760.24,728.64,737.74,758.79,1585.33,1711.88,1890.98,946.33,895.37,945.24,937.54,922.14,907.54,941.54,915.39,904.94,1901.78,2316.34,2466.04,2330.88,923.64,856.59,845.54
798.89,780.24,779.24,781.74,824.39,1004.13,1661.93,1846.48,970.24,961.04,936.74,934.45,935.14,899.34,915.34,933.24,910.74,1690.08,2242.38,2471.78,2222.48,1045.63,860.69,854.34
804.59,788.74,787.04,796.24,787.79,1634.33,1852.48,1954.48,947.64,917.04,947.34,993.14,952.14,958.54,926.44,955.44,922.14,1706.38,2335.48,2506.38,2399.98,1113.14,855.38,858.24
831.69,809.34,795.83,778.34,792.79,1728.03,1909.58,2030.38,959.34,929.14,919.74,936.44,957.14,947.94,941.14,942.34,963.04,2180.18,2414.08,2209.18,2356.78,1068.64,846.39,834.94
828.19,783.84,776.24,788.54,828.19,1745.03,1944.08,2058.28,995.04,915.84,928.04,847.04,882.54,912.84,918.24,935.94,889.34,2025.78,2214.28,2322.38,2260.88,828.24,813.99,793.64
777.79,755.54,744.94,751.44,793.29,1679.23,1841.68,1918.18,936.53,965.04,907.94,888.84,911.14,915.74,837.14,900.44,903.54,1817.78,2181.42,2381.48,2271.08,882.24,837.89,816.84
781.29,749.34,750.44,780.84,793.49,1650.83,1649.68,1765.98,900.54,811.74,805.34,750.44,734.34,781.74,750.14,751.64,772.04,1648.18,1859.28,2329.48,2279.08,763.14,753.99,737.34
690.29,662.64,627.94,636.44,121.89,1239.23,1482.08,1562.48,845.24,822.84,863.44,864.64,848.14,863.44,877.44,837.34,800.44,1785.18,2101.88,2194.08,2221.88,713.74,692.89,587.34
550.79,685.64,635.54,692.44,671.49,1444.63,1546.58,1551.18,796.34,660.84,714.44,710.64,762.64,689.34,833.54,855.84,807.14,1511.08,2157.37,2199.48,2085.68,718.14,713.89,680.14
666.89,670.64,649.64,637.94,676.69,1394.03,1481.88,1484.28,705.34,717.94,731.14,734.64,711.84,723.64,729.84,721.94,716.14,1369.18,1874.48,2305.28,2031.78,769.44,724.49,679.14
656.69,626.44,605.94,607.84,649.09,1382.43,1613.28,1744.78,881.54,923.54,909.84,886.64,876.53,886.04,883.44,894.94,865.64,1732.48,2076.08,2312.28,2268.78,963.24,744.29,703.44
616.79,597.34,570.54,566.44,569.19,1211.63,1437.48,945.18,752.24,796.34,823.34,808.54,818.24,829.04,859.14,842.94,866.34,1836.58,2109.68,2313.38,1789.08,820.94,800.79,739.34
747.59,711.04,687.34,696.04,718.99,1464.23,1577.98,1705.28,777.64,866.04,881.14,865.84,840.54,862.04,851.24,846.14,824.04,1666.38,2086.88,2358.78,1987.48,851.44,795.09,758.24
642.29,627.44,624.14,617.64,631.59,1335.33,1435.38,1518.88,738.84,733.24,744.24,741.44,735.24,731.34,733.64,718.34,681.74,1376.48,1773.48,2265.18,1839.38,782.54,731.49,715.64
751.69,742.74,714.14,714.84,739.89,1527.73,1701.08,2776.48,840.64,872.54,910.24,730.94,731.34,779.44,929.24,958.84,926.24,1832.38,2149.98,2343.98,2048.58,863.74,816.39,726.54
778.39,768.24,764.84,750.54,773.59,1582.73,1714.98,1774.08,867.34,907.44,925.44,938.73,919.54,903.54,918.94,911.04,922.04,2140.68,2048.78,1572.48,2139.08,849.44,862.09,822.84
706.89,720.74,723.34,727.44,726.29,1516.13,1658.88,1655.68,840.04,884.64,889.74,903.64,897.64,839.09,895.24,885.84,857.84,1681.28,2043.78,2329.88,2157.68,869.14,795.39,776.74
757.09,715.34,724.84,616.74,570.59,1255.13,1273.18,1640.58,860.94,925.84,942.54,838.84,856.74,932.14,962.64,962.44,902.14,1830.78,1889.48,2372.28,2333.48,915.04,849.99,800.94
780.19,767.14,761.54,765.54,776.89,1624.03,1790.28,1907.18,909.54,951.54,930.24,920.74,925.14,916.54,890.34,905.44,862.04,1840.88,1940.68,2310.38,2126.08,944.54,921.29,879.54
795.59,771.14,751.24,736.94,763.79,1614.73,1709.38,1774.98,875.94,918.84,824.24,800,791.14,912.84,914.44,911.54,863.64,1659.88,345.18,1357.48,2038.58,924.24,860.99,845.64
811.49,787.64,769.84,751.94,785.19,1541.73,1589.78,1730.07,724.54,735.74,733.74,738.74,707.34,698.14,646.34,662.14,674.54,1427.88,1414.38,2130.98,2114.78,928.04,843.89,823.54
812.99,807.34,810.14,813.14,829.49,1698.33,1758.88,1860.88,929.14,904.74,919.24,917.84,907.84,933.24,915.64,917.94,891.74,1780.34,1806.28,2141.08,2017.48,795.54,711.89,712.14
129.29,0,402.24,127.64,293.99,450.13,607.08,1304.08,732.64,738.94,807.24,801.04,829.74,689.24,699.04,721.04,699.44,1388.08,1554.78,1827.98,1713.8,460.4,698.99,667.74
654.89,654.84,635.04,650.84,683.29,1409.03,1534.78,1697.28,884.54,879.64,877.04,861.54,900.04,882.24,891.54,929.24,860.44,1754.08,1784.58,2076.08,1996.58,901.04,847.69,816.04
757.79,726.14,688.84,700.94,716.69,1566.37,1654.48,1714.98,787.06,852.74,844.64,857.04,894.64,880.24,887.94,878.24,907.04,1825.08,1882.48,2139.98,2165.58,970.84,907.39,863.64
799.99,781.24,746.04,723.04,729.89,1491.43,1631.58,1773.28,640.34,862.84,898.44,891.04,901.84,906.24,913.54,903.54,893.64,1796.08,1850.98,2180.78,2055.58,931.04,853.59,824.74
814.59,806,772.94,759.94,788.49,1665.43,1804.68,1879.98,939.94,955.54,946.64,932.34,962.84,967.24,967.94,902.44,922.64,1764.38,1910.78,2225.08,2152.78,979.64,915.36,887.04
822.29,791.34,767.84,765.94,733.49,1534.23,1590.98,1676.08,827.04,836.04,834.24,818.34,823.84,821.74,840.64,849.24,808.94,1612.88,1754.88,1981.88,1894.18,872.54,859.49,818.94
766.09,700.54,679.54,679.24,708.09,1448.73,1605.08,1732.18,908.14,943.04,970.44,966.44,960.94,958.94,991.64,989.64,937.44,1856.28,1941.68,2112.71,2032.94,971.74,924.79,861.24
836.09,806.64,799.64,786.04,815.39,1685.23,1790.18,1866.98,952.04,942.04,977.84,944.74,984.74,953.74,958.64,944.14,934.04,1871.88,1851.68,2185.78,2110.48,965.54,911.49,883.74
859.89,845.34,818.84,819.44,837.09,1721.53,1802.28,1858.08,916.24,941.74,986.04,977.24,995.44,1013.44,1002.14,976.84,960.94,1954.58,1963.88,2230.78,2195.38,1007.44,948.99,923.84
896.79,898.54,863.54,859.54,884.09,1755.73,1806.28,1202.38,932.54,909.54,953.24,994.04,969.84,968.04,986.44,985.44,968.44,1898.68,1934.48,2266.48,2215.18,1000.04,947.49,869.54
880.39,845.44,844.44,799.34,828.09,1598.03,1593.98,1742.68,913.24,884.24,928.44,952.44,901.44,943.94,873.64,935.14,946.94,1831.58,1934.38,2137.88,2093.28,978.94,905.89,911.44
855.09,827.74,813.04,815.24,810.85,1695.63,1785.18,1806.38,928.74,942.04,955.34,948.24,1002.84,976.34,992.44,988.64,963.54,1896.68,1974.08,2187.38,2183.68,1023.24,963.69,911.14
866.29,832.34,818.04,763.34,793.69,1600.43,1652.03,1791.78,939.34,943.94,929.64,924.64,909.04,920.94,934.34,856.24,884.94,1735.28,1916.98,2137.08,2156.88,1030.64,970.69,917.94
880.69,884.94,878.14,853.04,852.19,1723.53,1865.68,1978.68,997.64,985.24,1008.64,1020.54,1016.14,1004.84,1011.64,1023.99,1004.34,1969.18,2036.02,1944.56,2132.16,1026.78,1010.43,888.28
872.13,864.98,861.98,854.78,863.13,1777.41,1938.36,1955.04,961.24,997.84,1042.82,1022.04,1051.04,1034.27,1011.54,1001.24,954.24,237.08,2061.38,2106.48,1999.78,916.84,887.28,847.23
810.88,818.44,758.04,752.14,753.49,1441.83,1562.18,1759.88,891.54,912.04,957.54,960.64,991.44,995.84,991.44,976.54,959.94,1911.08,1916.08,2239.68,2166.82,986.74,937.89,878.94
752.59,729.34,738.64,729.44,748.29,1538.63,1735.98,1867.47,980.54,1050.54,1055.04,1053.74,1036.24,1038.44,1052.24,1054.34,992.04,1875.68,1973.98,2266.58,2219.58,1053.74,954.79,944.04
920.79,890.64,875.84,876.14,886.69,1820.03,1947.98,2061.08,1014.94,1062.8,1054.74,1050.54,999.24,997.14,966.44,986.74,965.14,1886.48,1978.58,2286.08,2164.78,980.84,955.29,924.64
883.79,806.34,804.54,789.94,802.29,1639.33,1798.48,1889.38,991.94,981.23,959.94,958.64,970.64,951.74,986.34,1004.64,981.64,1904.78,1894.48,2213.78,2182.68,980.64,904.09,889.04
870.89,825.24,790.44,781.04,766.19,1566.13,1724.38,1852.28,980.74,992.04,975.64,978.94,921.23,881.74,825.14,810.64,825.64,1648.88,1749.68,2113.58,2113.58,963.34,912.79,852.04
829.19,811.44,770.64,805.04,812.39,1648.13,1796.98,1951.08,1006.54,1016.04,1015.64,1013.54,1027.94,1016.74,1036.14,1013.74,985.04,1926.38,1983.28,2325.58,2343.78,1009.74,953.39,924.74
897.99,873.64,876.73,856.34,877.09,1831.13,1954.78,2033.78,1022.24,1058.84,1063.64,1063.34,1090.34,1096.24,1086.74,1087.34,1049.84,2036.08,2256.78,2385.28,2315.68,1043.84,968.69,955.04
934.09,909.15,911.94,870.94,877.09,1781.73,1904.88,1948.08,1015.44,1042.64,1051.14,1066.84,1093.54,1065.44,1081.34,1086.64,1074.34,2045.68,2079.18,2370.48,2382.78,1087.84,1038.29,1005.14
960.79,940.74,895.24,879.54,883.39,1795.83,1927.98,1994.98,1038.94,1058.54,1050.54,1076.94,1041.04,1046.54,1033.14,1041.14,997.94,1972.05,1980.48,2257.58,2207.58,1026.24,990.89,990.34
925.29,847.44,833.44,804.44,787.69,1620.73,1743.98,1774.28,920.04,937.94,952.64,955.94,977.14,1014.74,1031.54,1016.34,1006.84,2007.48,2018.88,2309.07,2294.18,1040.24,1016.39,958.52
948.89,791.74,809.44,823.14,842.19,1454.93,1668.38,1833.18,876.34,878.84,862.54,884.54,930.44,940.94,971.34,988.64,958.84,1857.68,1917.98,2275.38,2168.48,1006.74,920.49,907.74
870.19,857.83,834.84,841.24,849.99,1713.53,1812.98,1846.08,936.14,925.44,936.24,932.24,930.84,933.54,920.24,926.84,927.54,1812.68,1918.38,2233.48,2242.38,1033.44,996.59,955.44
947.79,927.54,891.84,894.34,868.89,1763.93,1869.88,2027.88,977.54,985.74,1004.74,1014.84,1019.44,1012.14,0,828.04,869.24,1723.68,1723.98,1979.78,1988.21,940.24,861.89,874.94
921.19,885.94,891.38,894.64,904.69,1839.73,1929.4,2021.58,991.64,1060.04,1041.14,1089.94,989.34,1047.34,982.25,914.84,993.44,1936.28,1950.08,2172.98,2147.38,1015.24,383.79,839.04
833.69,854.34,899.04,881.04,867.59,1805.13,1894.78,1903.08,979.4,968.74,993.84,1020.24,983.84,1011.04,1009.74,996.44,992.44,1975.58,1993.88,2287.28,2227.48,1043.14,969.49,963.44
899.49,895.14,869.04,870.24,871.09,1761.63,1873.88,1947.58,978.64,990.84,1023.44,1019.04,1018.54,1043.54,1051.54,1049.14,1030.54,2001.68,1993.58,2216.78,2171.33,838.84,809.06,847.34
809.39,635.2,803.54,791.54,823.39,1674.53,1765.48,1812.08,923.84,945.84,950.84,1017.44,1005.64,1007.94,911.44,977.74,971.44,1942.78,1942.58,2206.98,2246.68,1081.94,978.39,933.64
903.27,848.72,848.42,844.32,856.17,1743.59,1840.28,1871.02,908.16,861.26,871.26,901.26,888.36,884.56,896.71,918.66,922.62,2345.34,2400.39,2548.09,2443.09,937.62,908.17,862.32
891.17,860.62,859.72,841.12,767.07,1491.59,1592.48,1661.12,811.36,860.46,873.06,901.56,912.26,908.86,849.51,847.26,844.82,1672.64,1712.19,2404.39,2306.19,902.62,918.97,886.62
873.57,852.62,841.12,827.12,810.77,1645.09,1697.38,1721.22,851.86,854.66,840.86,869.16,858.56,813.26,839.81,845.66,785.02,1582.64,1633.99,2152.69,2159.39,893.12,878.77,869.02
836.87,827.12,822.32,808.32,798.87,1625.19,1712.38,1786.22,921.96,928.96,930.66,925.26,940.46,954.36,956.21,957.46,935.12,1831.64,2037.49,2579.49,2545.39,1094.92,949.67,923.12
905.57,871.32,875.92,846.92,841.57,1695.79,1857.48,1914.22,907.06,930.06,989.76,956.46,959.36,932.66,925.41,889.96,917.92,1792.34,2000.89,2425.39,2425.79,1033.42,933.47,940.82
841.67,803.12,783.02,760.82,787.37,1603.19,1678.28,1768.62,860.16,854.86,885.76,889.36,894.36,913.96,944.51,941.56,945.82,1732.74,1784.39,2433.09,2209.39,887.92,884.87,873.42
849.47,766.72,724.52,684.32,684.07,1429.09,1546.88,1667.42,820.36,839.06,910.46,886.56,910.06,921.36,879.21,908.16,866.52,1686.24,1787.59,1873.89,2215.49,899.42,892.17,828.42
829.67,790.72,793.22,772.72,776.17,1566.29,1635.08,1738.02,887.76,920.36,948.96,934.66,916.26,910.66,912.91,912.26,891.42,1704.44,1802.69,2459.99,2346.89,904.82,896.67,899.72
845.37,841.42,830.42,812.02,804.57,1650.89,1705.08,1849.12,932.57,900.86,928.36,950.96,928.36,999.16,1011.01,995.39,967.02,1953.34,2016.99,2484.99,2509.49,1075.32,919.47,908.42
869.27,748.42,817.72,815.22,817.37,1628.09,1685.68,1760.12,901.76,902.56,878.66,879.76,880.66,782.36,795.21,789.36,798.32,1546.94,1464.39,2117.79,2335.89,1002.72,897.07,875.52
873.09,853.44,858.84,846.94,864.49,1677.83,1767.12,1840.16,945.18,949.68,841.91,911.88,952.38,894.78,949.23,910.68,933.63,1883.27,1754.93,2265.33,2248.83,948.44,974.79,950.94
926.85,917.4,281.5,281.5,281.05,1122.25,1754.64,1818.58,927.64,952.84,939.64,936.54,934.24,925.44,143.29,871.84,872.79,1745.39,1772.65,2150.15,2392.95,952.4,943.15,0
943.15,897.9,838.4,860.1,841.95,1752.85,1755.64,1839.58,996.24,1031.34,988.04,973.34,978.94,934.44,944.39,903.44,903.69,1829.79,1977.35,2467.15,2444.25,915.4,905.55,892.9
876.45,822.6,847.4,789.1,780.95,1576.15,1577.64,1630.68,803.34,808.64,818.94,843.74,828.54,803.64,816.19,888.84,858.89,1696.49,2177.85,2457.45,2457.55,900.2,833.75,838.8
823.1,817.5,801.9,787.3,798.75,1616.15,1694.94,1780.98,904.74,902.14,936.44,928.94,936.84,919.34,923.19,917.74,862.29,1736.59,1732.05,2484.05,2495.15,921.4,907.75,903.5
885.55,853.3,835.9,823,795.35,1606.15,1683.04,1795.48,855.84,141.24,854.84,909.04,919.24,923.24,925.39,926.14,900.19,1786.69,2046.55,2185.15,1911.25,141.7,849.75,842.8
808.95,770.4,736.3,744.8,751.65,1478.65,1579.74,1619.18,802.44,823.24,843.94,806.94,770.64,779.04,795.89,810.24,781.79,1559.59,1829.25,2329.85,2277.05,843.4,832.55,793.3
773.85,757.4,739.3,729.4,646.15,1396.05,1603.04,1612.45,820.64,870.44,892.74,887.84,864.74,830.54,782.39,771.24,722.69,1555.69,1585.75,1788.85,1782.95,864.6,847.55,784.2
773.05,761.7,735.4,742.2,748.55,1493.85,1574.44,1543.28,813.04,893.14,906.04,907.04,928.34,870.34,856.29,871.14,889.79,1635.29,1646.85,2083.35,2380.75,887.7,878.75,698
786.65,739.9,741.2,723.7,753.05,1512.65,1611.54,1653.28,855.04,880.64,833.04,869.74,865.74,827.04,842.99,827.64,758.69,1598.29,1933.25,2319.4,2291.85,860.2,768.05,795.7
764.45,743,719.9,699.9,703.65,1428.05,1494.34,1559.28,833.64,838.94,861.94,823.24,849.04,883.74,820.79,782.14,735.79,1652.79,1672.05,2365.85,2356.75,831.3,791.65,778
746.45,722.1,703.2,223.5,720.35,1520.35,1600.34,1662.38,827.34,813.14,779.94,846.44,850.04,833.94,850.89,846.04,861.29,1674.39,1808.95,2446.15,2062.75,876,813.85,803.4
790.45,811.8,762.8,766.8,790.25,1567.45,1704.44,1716.88,886.84,885.54,890.84,885.24,883.94,897.74,898.19,852.94,870.19,1613.89,1670.05,2440.15,2368.15,906,894.25,863.8
812.35,800.4,807.8,809,800.75,1618.15,1631.94,1678.68,845.74,855.24,878.24,859.94,857.44,850.94,834.39,822.74,828.19,1605.79,1752.55,2399.97,2424.65,874.4,887.55,878.1
715.25,798.6,777.8,762,761.95,1495.15,1575.34,1656.78,824.14,828.64,845.84,866.74,833.94,828.44,859.09,851.14,832.19,1640.09,1769.15,2407.75,2131.25,796.4,783.15,755.4
734.25,690.7,672.6,684.6,635.15,1489.05,1800.54,1782.48,893.24,873.34,887.74,867.54,838.54,836.64,863.19,853.94,797.29,1677.39,1989.45,2253.05,2181.95,804.1,802.65,786
765.55,755.1,747.7,728.9,729.65,1476.85,1573.04,1634.48,826.74,773.14,764.64,724.04,743.04,799.24,836.99,796.34,793.09,1560.99,1764.15,2307.15,2247.15,797.2,759.25,766.7
718.85,720.6,718.7,704.1,703.15,1495.25,1617.34,1688.68,827.14,825.64,820.14,795.64,791.34,812.84,833.99,834.04,806.59,1582.99,1659.55,2384.95,2379.35,867.4,879.75,820.3
819.85,775.9,767.5,768.1,769.35,1554.45,1644.14,1675.68,849.54,845.74,878.74,884.04,894.84,884.04,855.69,883.04,861.39,1686.49,1706.35,2126.95,2375.45,890.7,856.75,873.8
857.85,837,815.2,799.3,813.15,1601.45,1680.84,1772.48,882.24,905.74,936.54,937.84,874.34,868.74,857.99,880.94,881.49,1809.59,1941.45,2446.85,2323.75,889.4,850.95,864.6
864.95,857.13,819.76,810.39,812.16,1625.85,1637.44,1641.78,864.14,869.94,847.14,880.54,851.14,834.74,838.89,823.44,818.99,1629.69,1926.75,2467.35,2450.35,927.1,837.55,852.6
835.3,841.2,840,821.3,825.4,1638.9,1637.1,1722.4,857,884.8,861,843.5,881.4,896.5,901.3,862.4,893.9,1763.7,1726.5,2452.3,2265.3,904.1,884.4,881.6
829.2,282.7,756.8,669.9,824.5,1657.9,1705.9,1818.5,893.3,908.4,925,951.2,953.3,923.9,905.5,919.4,889.9,1820.1,1767,2379.2,2410.5,923.9,916.4,904
878.1,876.9,853.3,840.2,839.2,1707.5,1816.1,1859.2,931,972.7,998.2,961.4,946.4,928.2,950.6,941,901.8,1764.5,1773.6,2520.6,2382.4,963.7,846.1,866.3
859.1,851.5,868.7,875.6,892.6,1726.1,1827.7,1906.3,963.7,950.8,963,966.4,941.8,926.8,944.1,924.9,858.8,1714.1,2087.1,2401.1,2326.7,873.9,876.3,841.5
834.7,827,821.5,811,805.1,1609,1719.5,1770.4,890.5,915.7,948.3,942.2,834.2,920.8,961,920.8,865.4,1647.2,1859.7,2148.7,2020,810.4,848.9,847.5
233.8,626.1,753.6,783.3,798.9,1597.6,1685.6,1772.5,914.1,932.9,940.4,907.6,927.9,918.4,904.6,913.2,922.8,1731.8,1683.6,1848.8,1921.8,914.8,879.9,842.2
837.3,814.1,767.9,771.9,776.5,1552.4,1630.4,1725.1,877.1,867.9,883.6,886.2,884.2,872.2,873.5,856.1,860.1,1688.8,1818.1,2462,2335.1,887.4,874.3,854.1
856.9,857.2,807.6,774.2,796.5,1613.7,1726.1,1847.3,918.9,929.4,940.2,934.9,923.8,922.4,944,907.2,892,1823.9,1892.5,2509.4,2371.5,928.1,893.5,874.2
851.9,815.5,796.3,0,821.6,1631,1729,1849.9,892.5,902.1,912.9,906.5,911.6,934.9,922.4,934.3,943.7,1887.6,1754.3,2543.5,2503.4,954.5,928.7,784.4
835.8,865.4,847.6,812.9,820.2,1669.4,1753.5,1829.4,851.2,852,842,862.2,850.9,882.4,843.1,872.3,876.8,1809.7,2027.6,2455.6,2258,902.1,860.4,850.9
819,831.2,831,812.9,836,1711.5,1807.3,1882.6,913.9,913.3,901,904.4,874,858.4,891.4,907.2,922.1,1813.7,1795.7,2505.1,2209.4,919.2,915.5,890.9
861.5,850.4,850.3,855.1,844.2,1735.3,1804.6,1824.2,932.7,951.9,964.9,969.9,978.7,969.5,976.3,962.8,937,1859.3,2188,2573.6,2410.8,929.2,960.6,930
921.6,890.5,894.3,852.6,865.7,1748.8,1761.2,1867,940.3,913.8,907.9,910.3,911.3,900.2,936.4,955.2,899.2,1786.5,1771.7,2167.9,2100.5,894.4,793.3,908.9
829.5,820.8,755.5,769.9,768.9,1526.6,1523.1,1694,844.4,835.3,862.1,847.1,852.7,873.2,807.9,811.6,800.7,1657.8,1721.5,2579.7,2363.6,948.7,852,846.5
828.2,820,776.8,770.4,776.4,1584.4,1668.9,1741.9,818.5,818.3,753,802.8,666.5,745.3,750.2,711.8,863.5,1697.5,1700.1,2173.3,2423.2,1012.2,886.9,833.8
824.7,781.8,773.4,804.1,827.1,1676.9,1762.1,1903.4,929.9,953,931.1,958,967.6,970,944.1,949.7,948.3,1884.2,1865.2,2529.3,2337.9,917.2,901.5,874.6
846.1,806.1,805.1,798.5,813.9,1678.6,1745.9,1852.4,947.4,954.8,937.7,942.7,943.1,967.4,977.4,936.1,890.9,1854.1,2081,2447.7,2371,946.6,948.9,912.7
889.3,860.5,845.5,848,836.1,1651.8,1784.1,1887.9,952.5,966.6,959.7,907.5,938.7,973.3,972.5,916.1,905.6,1897.6,2057.2,2534.2,2270.2,889.6,864.6,856.6
817.5,806.6,768.8,731.5,756.3,1537.9,1578.3,1711.3,846.9,861.8,902.1,887.3,890.5,866.4,880.5,897,897,1779.7,1936.4,2311.1,2454.1,896.2,836.2,800.1
796.2,762.7,715.7,694.2,705.2,1488,1606.3,1726.9,862.3,853.7,912.9,895.6,838.2,839.6,858.6,904.8,905.9,1786.8,2081.9,2577.4,2437.2,1147.8,881.1,882.8
840.1,835.1,829.5,824.6,810.8,1588,1608.7,1835.6,881.2,948.9,891.4,878.1,893.9,881,874.6,875.9,876.5,1793.8,1824.1,2478.5,2358.4,878.7,911.8,882.8
871.6,852.6,848.7,852.7,858.1,1685.3,1792.1,1857.5,996.7,995.5,986.1,996.4,977.2,978.9,992.2,988.3,1012,1937.6,1943.2,2656.6,2273.5,984.7,967.5,899.9
917.2,901,880.4,881.1,865.4,1722.4,1803.4,1840.9,947.4,887.9,891.8,163.2,894.5,940.4,907.7,946.6,901.7,1792.3,1977.3,2563.8,2399.1,985,897.8,898.4
867.9,828.7,816.8,801.8,878.2,1642.6,1689,1823.8,918.6,940,931.2,934.4,942.6,897.8,932.4,937.2,937.4,1837.2,1979,2219.3,2484.7,1033.4,929,912.8
903.1,888.8,858.2,870.2,879.1,1717.8,1817.2,1959.4,913.6,949.1,932.7,941.7,951.8,947.5,835.7,836.5,953.3,1865.9,1882.7,2237.4,2357.9,926,908.8,909.1
874.4,818.6,813.2,809,823.9,1635.7,1728.6,1706.2,885.2,879.4,881.4,852.8,836.3,855.2,892.7,895.8,921.6,1829.7,1871.2,2489.5,2156.4,895.1,882.5,844.5
798,780.7,781.7,665.7,771.3,1565.6,1622.2,1672.2,869.5,838.7,899.9,882.8,885.4,903.1,897.5,871.3,908.4,1772.7,2000.3,2344.1,1030,163.6,812.7,771.5
837.9,776.4,752.8,745.3,157,318.1,1659.8,1736.7,891.4,900.9,900.4,881.5,904,879.2,906.6,916,902.2,1881.9,2019.1,2441.5,1815.3,774.2,761.3,709.5
684.4,628.2,634.8,627.2,654.4,1320.5,1526.1,1646.3,809,823.2,806.9,810.2,742.3,823,808.9,819.8,827.5,1658.8,1867.1,2189.5,1911.9,893.6,864.2,866.8
757.1,757.1,741,717.1,724.7,1507.9,1611.8,1677.9,855.1,858.6,858.2,839.6,860.9,883.4,883.4,846.7,848.2,1714.7,1897,2031,1672.5,700.3,679.6,639
664.5,652.6,626.1,612.3,604,1277.4,1407.3,1505,733.9,769,891.1,870.2,899.3,993.4,1024.8,983.7,1005.6,1919.8,1994.1,2140.6,1881.3,838.5,806.7,776.3
850.4,812.2,825.9,828.9,826.5,1641,1827,1819.2,922.6,916.8,906,939.3,939.9,933.4,945.6,949.6,939.7,1932.1,2272.1,2617.5,2154.1,935.6,917.1,825.2
835.3,841.2,840,821.3,825.4,1638.9,1637.1,1722.4,857,884.8,861,843.5,881.4,896.5,901.3,862.4,893.9,1763.7,1726.5,2452.3,2265.3,904.1,884.4,881.6
829.2,282.7,756.8,669.9,824.5,1657.9,1705.9,1818.5,893.3,908.4,925,951.2,953.3,923.9,905.5,919.4,889.9,1820.1,1767,2379.2,2410.5,923.9,916.4,904
824.6,845.4,821.8,808.7,807.7,1644.5,1753.2,1796.4,899.8,923,921.1,893.2,894.6,885,918.4,908.9,869.6,1700.1,1709.2,2456.2,2318,931.5,813.2,833.4
804.2,796.6,813.8,820.7,837.7,1636.3,1773,1856.7,904.1,885.2,916.4,910.5,867.2,870.6,890.1,871,804.8,1606.1,2034.1,2345.1,2212.7,841.2,832.6,830.2
857.7,838.7,837.7,840.2,853.8,1752.7,1788.4,1846,924.5,915.4,944.4,940.7,930.2,921.2,923.6,933.3,930.1,1806.7,1853.4,2564.5,2182,909.1,925.7,901.1
872.9,852.5,841.8,858,866.2,1753.8,1807.8,1835.3,920.4,928.3,941.4,903.6,928,916.2,927.8,909.1,885.8,1760.8,2377.7,2534.4,2388.3,921.2,900.4,876.8
843.9,832.2,831.9,847.2,831.1,1673.7,1738.4,1776.2,905.7,893.9,888.8,877.1,884.2,942.4,955.5,953.4,879.8,1767,2318.1,2532.5,2397.8,966.2,922,899.6
887.8,878.8,871.9,861.9,876.5,1720.9,1786.1,1807,938.4,946.3,947.4,691.7,886,846.7,918.1,887.9,899.1,1781.1,1803.8,2531.3,2461.2,983.1,866.7,857.5
855,850.2,832,846.1,861.8,1749.1,1792.6,1799.6,918.4,915.6,965.4,944,950.2,919.1,936.9,929.1,924.4,1785.8,2077.9,2621,2405.9,995.4,934.3,902.8
865.6,884,840,817.6,852.6,1764.1,1642.6,1716.7,918.3,896.1,892.8,884.1,903.1,892.4,866.5,876.9,886.9,1700.7,1799.5,2261.1,2355.4,950.6,917.5,889.9
846.7,831.5,809.5,817.2,834.7,1768.6,1841,1907.9,913.9,877.6,873.3,869.7,857.7,842.7,791.7,819.7,828.4,1682.4,1974.4,2493,2208.6,897.1,849.5,817.9
835.7,833.1,816.6,805.4,829,1687.9,1769,1857.6,895.2,907.2,912.2,903.1,904.1,888,875.2,878.8,887.5,1814.2,2089.8,2607.3,2396.8,960.6,903.6,930
861.5,833.8,796.8,806.8,810.4,1648.1,1729.6,1770.6,934.8,919.9,916.7,916.8,924.2,923.5,900.9,916.6,911,1868.6,1951.7,2647,2486.6,1144.2,931.8,923.6
798.8,889.9,896.7,888.1,903,1803.8,1880.6,1885,930.6,926,933,942.9,941.7,935,939.4,938.7,942,1869.9,1930.5,2524.9,1918.4,538.2,921.8,907.9
266.7,806,793,808,807.6,1695.3,1726.9,1798.9,886.4,895.8,850.5,874.1,953.1,935.8,952.2,945.5,912.1,1846.5,1918.5,2297.8,2103.9,860.5,908.9,887
838.6,818.7,814.3,801.5,801,1680.5,1740.8,1838.9,938.7,943.1,920.4,905.4,891.8,889.1,902.2,861.2,882.3,1789.8,1853.6,1888,2017.6,948.9,870.2,855.9
835.8,842.7,822.2,805.1,816.2,1629.7,1600.2,1728.5,892.1,882.5,841.6,868.7,836.6,833.5,828.3,855.4,857.1,1751.8,2130,2439.8,1972.6,860.6,877.3,822.7
818.6,793.4,780.7,752.6,766.5,1556.1,1659.8,1765.9,943.9,943.8,780.6,906.6,881.7,890.4,925.5,947.2,955.5,1802.5,2284.6,2573.7,2260.9,927.3,920.8,927.3
837.3,817.6,793.9,793,811.9,1654.8,1727,1794.9,890.7,894.5,890.1,906.2,921,930.6,941.4,929.4,925.7,1846.6,2310.7,2603.8,2256.5,886.2,858.6,869.5
864.4,855,841.2,845.8,884.4,1805.6,1868.6,1927.6,968.6,939.3,942.1,941.1,927.3,872.1,929.7,971,953,1895.8,2271.3,2646.2,2424.4,959.5,885.9,869.9
852.3,862.4,868,850.5,873.7,1773.7,1913,1933.2,973.2,984.9,991.7,1004.2,945.5,801.5,962.3,972.4,971.1,1932.3,2268.5,2622.5,2529.8,998.1,935.8,906
864.3,850.3,857.1,842.2,875.6,1789.9,1853.4,1966.8,972.2,993,988.3,968,953.4,954.8,927.7,932,922.7,1866.6,1966.9,2649.9,2168,961.3,953.3,942.3
869.3,878.1,857.5,856,883.5,1747.2,1828.2,1882.4,953.2,938.9,961.3,961,955.7,949.3,955.1,963.1,961.5,1884.2,2460.5,2642.7,2124,936.8,887.4,889.6
870.7,835,827.1,818.1,820.7,1686.1,1712.9,1764.6,163.1,857.5,879.7,881,868.1,885.8,878,869.1,859.5,1728.9,1886.2,1979.1,1932.3,943,901.7,892
870.6,843.2,836.9,833.9,854.5,1724.2,1841.5,1958.2,977.2,955.1,948.7,968.8,963.6,965,947.4,967.9,962.4,1912.9,2471.6,2618.2,2104.8,808,894.2,168
844.4,829.1,821.2,829.1,824.1,1704.7,1722,1778.1,923.5,941.3,940.9,946.7,932.9,954.6,940.7,970.5,987.2,1942.7,1958.5,2214.6,2086.9,844.4,894.3,864
858.4,843.5,825,756.3,752.6,1582.4,1673.5,1829.2,896.6,914.6,964.4,961.2,972.4,980.7,987.2,989.9,990.5,2018.3,2320.9,2652.4,1887.9,782.1,635.7,770.8
754.2,776.1,752.4,747.3,734.9,1508.8,1703.7,1639.8,907.5,915.8,862.3,870.3,937.8,954.3,963.2,969.4,971.1,1808,1990.6,2632.6,2212.1,926.6,907.2,909.6
890.7,880.6,870.6,873.7,860.7,1791.2,1841.4,1875.4,935.3,961.1,967.5,728.5,1006.7,1003.8,,1010.7,950.7,1908.8,1834.6,1838.3,1845.8,895.8,901,877.7
867.6,865.2,800.3,841.5,814.7,1713.9,1804.8,1931.1,950.6,963.5,935.8,685.7,936.6,926.6,939.6,929.7,886.3,1791.5,1963.3,1959.1,2250.8,943.7,940.8,927.6
897.4,881.7,858.9,850.2,866.5,1732.8,1750.8,1848.8,974.6,942.6,923.6,669.2,865.8,870.4,864,817.5,911.2,1813.7,1920.9,2587.2,2223.1,928,904,851.6
873,861.9,825.2,786.3,811.6,1628.3,1579,1659.1,831.2,163.1,808.5,797.1,789.8,700.2,808.1,805.7,782,1640.8,2203.6,2491.5,2419.2,808.3,737.6,692.5
529.9,588.1,580.2,573.6,583.2,1208,1324.9,1503.1,775,812.9,821.6,815.1,834.4,824,852.7,863.1,871,1767.4,1913.6,2443.5,2087,894.5,902.7,894
838.2,836.8,821.8,813.1,825.9,1662,1701,1783.2,899.5,871.9,889.5,901.4,908.2,913.6,940.8,947,952,1936.2,2299.1,2507.6,2323.6,892.5,875.8,827.2
812.7,769.8,774.6,754.4,751.8,1575.2,1653.2,1678.1,845.3,903.2,886.4,891.4,912.8,914.5,915.2,893,927.8,1879.5,2258.1,2556.4,2315.1,922.6,886.1,858.6
810.9,809.9,775.7,723,772.6,1599.7,1672.2,1759.8,862.3,881.5,879.7,875,875.8,874.4,877.3,885.3,875.8,1788.5,2574,2499.4,1947.7,937.1,853.1,831.6
813.4,787.1,781.5,742.2,757.8,1578.2,1637.6,1753.1,883.5,895.3,898.3,864.6,920,937.5,913.9,940.5,946.3,1787,2643.5,2548.7,2049.9,919.4,925.8,899.6
813.2,797.2,793.2,768.2,802.9,1628.9,1654.5,1772.1,912.6,883,868.3,1317.6,876.5,885.1,864,841.6,845.4,1765.8,1977.9,2606.5,2128.9,921,883.7,860.6
826.9,841.1,815.1,801.9,829.3,1684.9,1742.1,1860.3,927.7,905.6,948.7,969,954.8,941,936.7,934,924.2,1852,2033.1,2623.3,2432,920.5,902.1,884
874,858.9,833.2,850.2,877.7,1732.7,1753.9,1904.7,917.2,953.7,955.9,975.5,897.4,951,932.4,931,931.5,1901.8,2638.4,2617.4,2452.4,932.7,909.5,918.6
866.9,871.4,837.1,827,859.3,1745.2,1771.1,1863.8,944.3,990.6,960.3,939.1,936.7,939.6,927.7,905.3,924.6,1826,2650.1,2560,2111.2,916,869.8,869.7
839.7,845,831.6,831.9,845.5,1674.6,1648.3,1711.3,899.1,910.2,893.1,897.2,857.3,933.1,863.4,836.4,843.4,1773.1,2551.3,2674.7,2373.8,1008.7,937.7,912.4
877.4,841.6,809.8,801.5,825.8,1626.9,1543.6,1586.1,829.4,836,761.6,829.7,850.5,828.1,813,750.8,757.1,1566.5,2503.9,2468.8,2102.1,884.9,838.2,804.3
748.1,726.6,709.1,705.5,737.1,1493.9,1397.6,1403.2,710.9,707.9,717,709.3,710.4,673.8,674.5,678.6,702,1492.6,2467.1,2409.8,1821.7,840.1,783.8,731
748.1,691.2,691.4,694.1,707.9,1421.2,1371.4,1375.2,685.4,687.4,693.8,635,627.9,638.6,627.7,621.3,603.5,1358.4,2073.7,2325.9,1737,818.3,752.2,707.1
682.4,676.1,651,633.2,648.5,1307.4,1265.2,1308.2,654.6,682.5,709.6,707.6,707.1,715.6,712.9,717.8,693.4,1550.8,2466.9,2367,1901.7,816.5,782.1,751
715.4,671.9,648.5,651.7,647.2,1291.7,1358.7,1398.9,712.5,728.5,733.4,744.2,732.7,726.9,28,637.6,753.9,1560.4,1867.5,1837.5,1768.7,824.1,794.7,750.3
708.4,703.2,704.5,675.5,697,1412.9,1415.6,1564.2,792.9,812.7,811.1,836.6,832,820.2,833,817.9,811,1684,1921.7,2171.5,2096,843,831.3,808.1
791,776,763.2,749.3,758.4,1543.8,1587.9,1685.5,861.3,891.3,896,896.9,903.5,870.2,887.9,879,865.9,1820.5,2224.5,2204.9,1841.8,867.7,848.5,859.4
817.8,790.6,782.2,773,793.2,1631.9,1624.4,1718.1,889,890.7,896.9,877.2,894.5,881.8,870.8,850.7,884.6,1824,2605.2,2561.7,2432.7,920.5,900.2,889.7
871.4,848.2,839.8,827.1,835,1683.2,1694.6,1873.8,924.7,951,979.7,999.8,988.6,973.6,991.9,955.6,942.5,1933.7,2652.3,2581.3,2312.7,933.1,906.7,904.4
870.7,874.4,859.8,845.5,849.6,1710.5,1712.8,1773.3,913.7,922,917.9,896.6,907.6,895.8,881,896.4,922.2,1925.6,2277.8,2219.6,2135.4,900.4,879.4,856.8
831.9,820.1,820.1,793.4,831,1721.8,1759.3,1813.5,903.3,924.7,948.1,954.3,960.8,951.6,946,965.3,933.6,1945.7,2049.2,1995.3,1899.5,957.1,913.7,890.2
870.8,851.5,839.8,821.2,826.2,1753.5,1799.4,1799.8,919,923.1,940.8,928.1,962.6,902.5,905.4,930,912.4,1908.9,2010.1,1957.9,1930.8,940.8,929,909.7
887.1,892.2,894,867.4,881.7,1773.8,1846.1,1936.8,985.3,884.7,940.5,942.8,947.4,917.8,945.4,951.1,935.3,1931.2,2598.3,2521.6,2062.2,920,901.1,884.4
856.7,846.6,803.2,790.7,830.4,1653.2,1755.5,1785.5,905.9,932.5,947.5,886.5,911.5,625,883.1,886.2,888.9,1915.6,2634.1,2417.3,2014.7,928,921.7,906.8
859.3,850.1,805.3,821.7,846.2,1754.5,1832.2,1925.3,979.2,979.5,982.5,977.4,981.4,958.2,980.5,925.1,965.6,2274.3,2540.9,2183.5,1875.2,936.4,938.3,923.9
878.1,842.6,851.4,838.9,852.6,1770.9,1857.2,1928.8,946.8,968.2,981.8,973.9,956.7,928.6,945.3,809.7,943.5,1946.8,2643.1,2512.3,2256.5,906.5,894.7,873.7
810.1,846,810.7,804.8,831.3,1709.4,1765.6,1856.7,906.1,885.1,861.9,771.2,862.2,856.3,877.9,877.2,872.5,1798.1,2622.9,2496.5,1967.4,901.4,856.9,849.5
818.1,807.3,778.9,765.9,789.4,1643.2,1726.8,1839.9,922.1,950.2,957.1,949.6,956.2,953.1,973.3,942,922,2263.8,2306.6,2590.2,2288.8,899.7,878.7,843.2
830.2,811.1,793.6,801.7,827.1,1734.7,1797.9,1861.6,921.4,948.8,961.5,947.7,963.3,946,927.1,944.3,959.9,2041,2619.5,2413.6,1877.2,891.2,844.4,831.5
822.2,806.6,784.9,800.4,833.2,1719.8,1801.4,1858.5,900.7,926.7,942.7,932,941,929,830.8,854.3,841.8,1814.2,2714.4,2627,2468.3,915,892.7,798.7
827.3,832.9,821.5,816.9,820.8,1751,1754.5,1799,950.4,965.6,879.4,887.4,852.7,846,853.2,899.8,880.1,1888.5,2705.1,2650.2,2233.7,921.2,848.3,844.2
815.1,783.8,773.4,765.6,792.8,1633.7,1512.8,1486.2,762.4,735.8,699,703.9,672.9,657.1,649,669.3,683,1624.5,2150.6,2151.5,2101.1,956.1,888.9,847.5
827.7,763.1,784.5,792.4,801.4,1602.8,1433,1413.5,718.8,713.8,698,713.3,707.3,695.6,665.2,657.1,702.6,2152.1,2771.5,2108.5,2012.7,938.6,884.9,826.1
813.5,794.9,762.1,767.7,766.4,1646.8,1387.3,1400.6,715.8,613.7,684.6,653.1,656.8,644.5,638.4,623.8,646.4,1940.9,2578.9,1922.6,1796.9,796.8,756.8,737
725.5,688.8,620.6,633.3,644.4,1327.8,1293.8,1382,718.1,715.3,719.5,722.1,729.3,709.6,705.7,732,755.6,1783.4,2034,1921.1,1744.6,797.7,785.6,761.7
730.9,732,700.7,697.7,686.6,1487.1,1553.8,1649.8,740.8,783,781.2,810.3,809.5,810.8,813.2,820.3,843.4,2171,2747.6,2506.8,1982,775,747.9,726
728,717.8,696.7,688.6,723.5,1545.1,1597.1,1695.8,805,813.2,827.8,827.7,839.2,853.2,831.7,881.2,883.8,1835.4,2659.2,2469.8,1915.1,806.5,789,747.9
728,717.8,705.7,716.8,768.8,1605.3,1635.4,1779.4,857.7,790.9,816,808.8,833.9,819.1,811.6,834.1,861.4,1946.6,2676.9,2538.9,1766.3,762.7,734.6,722.6
689.8,676,674.3,648.5,689.8,964.9,1430.8,1574.7,781.4,767.7,758.2,752.2,754.9,732.1,699.2,716.6,759.7,1777.4,2455.4,2084.5,1635.2,732.1,702.6,686
665.3,656,641.3,657.7,678.5,1440.2,1480.8,1561.8,725.5,740.2,715.5,723.4,742.2,741.2,756.9,771.8,784.7,1824.1,1976.2,2283.9,1561.3,727.3,695.4,674.5
656.7,630,625.8,623.5,664.1,1416.6,1501.9,1589.7,798.6,751.5,763.8,731.6,728.8,695.5,707.8,704.1,696.2,2010.4,2371.3,2102.2,1676.2,711,684.7,659.5
640,627.7,638.7,637.6,655.7,1449.1,1597.3,1713.5,796.1,808.8,825.5,799.3,796,605.5,785,835.4,841,2143.3,2502,1862.6,1918.4,873.7,835.7,788.5
659.5,630.2,625.3,630.3,683.9,1478.4,1608.4,1719.6,814.2,825.4,823.8,812.6,813.7,811.4,813.3,857.7,826.4,2123,2492.4,1789.8,1566.4,728,647.4,638.9
634.7,627.2,624.1,618,676.2,1485.1,1663.1,1765.5,867.2,843.8,839.4,834.6,795.8,786.8,801.4,824.4,853.9,2089.3,2528.7,2361.2,1676.5,752.8,721.2,663.1
674.6,669.1,654.7,646.5,710.7,1552.7,1681.6,1829.3,868.4,833.8,820.1,816.1,800.7,800.7,829.4,851.9,872,2114.8,2520.6,2050.6,1689.5,760.3,726.2,695.1
676.5,664.9,650.5,637.3,667,1534,1713.3,1806,804.2,805.1,815.5,808.5,804.4,853.8,838.2,860,828.8,2171.4,2536.1,2215.1,1699.7,739.5,710.2,644.3
681.6,657.9,648.3,642.4,695.8,1479.3,1764.1,1842.3,883.1,842.1,832.8,839.3,829.6,821.9,819.9,864.9,876.7,2343.7,2502.1,2022.2,1715,746.8,705.9,698.2
618,622.8,615.3,608.7,657.5,1485.2,1590.3,1678,841.8,793.2,728.2,743.1,707.8,703.3,691.3,742,753.9,2040.8,2429.1,1838.5,1594.5,685.4,641.7,620.3
599,582.2,587.5,594.8,642.6,1433.2,1607.8,1773.7,838.7,810.2,786,783.8,781.6,792.8,801.9,820.9,879.8,2156.7,2509.6,2025.8,1678.2,755.7,709,684.5
655,642.9,636,680.3,608.2,1469.8,1738.7,1805.6,850.4,822.5,848.6,806.8,799.2,794.2,826.6,831.4,839,2194.3,2484.8,1972.5,1662.7,744.6,702.8,687
661,651.8,644.9,625.9,688.4,1554.7,1706.3,1825.1,869.7,825.7,827.8,805.5,813.5,800.4,808.6,851,875.8,2153.8,2530.5,2090.5,1705.9,729.1,684.8,677.5
656.5,646.6,655.4,641.4,707.8,1601.8,1767.4,1824.7,859.1,823.1,834.9,816.2,797.6,809.7,826.7,852.4,827,2195.7,2544.4,2211.3,1975.5,892.6,848.2,819.7
658.2,635.1,642.5,680.5,758,1592.1,1710.2,1887.7,855.2,846.9,827.5,799.4,799.3,811.4,811.9,858.1,856.7,2204.4,2491.4,2154.9,1661.4,753.6,719.7,707.3
670.6,658.4,646.8,661.5,709.5,1610.9,1744.4,1825.2,872.5,858.4,858.5,821.8,840.9,814,816,828.2,837.5,2190.6,2528.2,2372.4,1774,708.4,683.6,680.7
643.1,629,629.2,617.5,672.2,1477.9,1653.5,1729.7,832.4,794.1,765.8,761.3,733.6,718.2,716.8,700.9,731.6,2017.9,2488.2,2085.5,1627.7,698.4,633.8,636
609.9,584.7,594.8,586.3,662.9,1492,1702.7,1798.6,860.5,837.5,816.4,796.9,787,793,812.3,833,855,2349.7,2472.1,2277.9,1616.9,736.7,674.7,674
648.3,633.8,627.6,631.6,713,1575.6,1761.3,1829.8,878,849.6,834.1,806.3,806.6,791.9,819.6,851.8,889.7,2223.3,2595.2,2005.4,1708.4,727.7,690.9,671.6
648.5,647.4,653,664.4,709,1700.1,1788.5,1880.1,875.2,830,817.6,801.8,797.6,809.7,816.8,845.1,878.8,2196.6,2529.5,1830.1,1714.3,721.9,689.3,666.6
646.8,631.3,640.3,638.5,706.2,1605.7,1810,1887.3,867.4,859.5,840.2,827.1,811.7,815.2,835,856.8,861.2,2199.9,2551.5,1840.1,1665.7,729,677.9,668.5
649.3,629.4,634.6,639.6,680.4,1593.7,1755.8,1878.7,912.7,872.1,857.4,831.3,855.9,831.1,843.4,828.2,865.3,2455.5,2533.9,2339.7,1626.5,711.8,664.8,657.1
641.3,635.6,636.3,631.3,714,1582,1747.2,1857.1,860.5,851.7,868.4,815.7,643.3,789.8,790,824.7,823.2,1898.2,2226.4,2388,1671.4,709.2,667.1,652.2
637.4,632.3,619.5,628.9,635.3,1521.2,1671.8,1738.7,881.8,823.7,794.4,699.5,739.2,710.2,721.2,760.1,767.7,2352.2,2481.4,2346.3,1584,683.3,635.9,629.3
603.4,606.1,605.5,601.3,663.6,1521.7,1674.2,1748.8,866.3,843.3,850.9,775.5,774.7,767.3,797.5,822.5,843.7,2233.7,2481.6,2291.7,1623.9,705,668.4,643.7
647,620,606.3,628.5,692.3,1538.6,1725.8,1886.1,873.4,852.8,842,805.4,791.6,784.2,818.1,827.1,865.4,2342.9,2455.4,2264.6,1684.4,698.5,631.1,636.6
615.4,615.3,617.1,635.1,659.3,1519.4,1716.6,1819.1,835.3,814.5,790.4,793.8,785.2,790,835.4,857.3,894.5,2169,2486.5,2060.7,1596.9,659.7,656.4,636.4
630.2,594.9,613.1,606.3,677.3,1530.5,1697.6,1834.7,870,833.5,825.1,810,796.8,786.9,812.4,840,875.4,2373.6,2412.1,2301.5,1773.1,739.7,682.5,670.4
640.9,625.6,630.2,627,697.3,1537.6,1685.2,1850,851.5,815.2,813.7,793.3,782.9,765.2,780.2,828.3,854.8,2331.3,2416.9,2250,1788.3,713.7,673.7,651.4
632.8,634.9,622,628,697.9,1479.7,1682.3,1790.5,902.9,867.3,850.1,760.4,807.4,810.1,816.1,842.9,871.4,2442.7,2446,2247.9,1604,719.4,647.1,641.4
608.4,619.4,607.3,624.4,675.1,1478.3,1605.4,1700.7,846.8,784.7,756.9,739,709.2,722.1,719.9,755.8,778.3,2365.3,2441.6,2205.9,1599.4,698,642.7,627.9
583.4,584.5,594.6,584.9,654.3,1474.8,1657.8,1842.6,861.5,831.1,828.1,801.9,800.5,795.2,786.2,816,851,2435.2,2491.3,2283.4,1574.9,707.9,672.2,639.4
637.8,628.5,625.8,667.7,674.7,1544.6,1771.8,1844.3,876.6,850.2,848.3,777.9,779.4,803.7,814.2,866.4,882.9,2407.2,2449.3,2289.2,1689.9,726.8,669.1,667.6
640.9,635.3,610.7,634.7,680.8,1566.8,1805.3,1934.9,944.6,874.9,852.3,787.7,773.1,771.4,811.7,822,948.6,2479.8,2479.6,2295.6,1819.9,716.1,681.2,659.6
619.1,632.2,640.2,662.7,688.4,1604.7,1735.1,1919,933.1,895.9,858.7,827.7,845.1,842.7,842.7,860.8,900.3,2483.3,2500,2321,1859.3,707.3,666.7,654.7
614.8,618.3,602.4,607,676.7,1578,1762.2,1934.8,916.1,871,877.6,843.8,828.5,825.2,822.9,859.5,870.1,2160.8,2512.7,2290.2,1633.7,744.4,692.4,684.2
669.4,644.2,651.8,643.3,703.3,1602.6,1825.2,1962.6,904.8,890.8,838.7,827.2,822.7,814.8,810.5,878.5,820.3,2202.8,2540.1,1889.6,1726.8,774.6,707,680.9
650.2,637,625.1,628.5,670.1,1484.1,1677.9,1812.8,896.6,848,780.4,732.3,726.3,726.2,741.6,765.6,796.5,2448.6,2467.7,2272.5,1723.5,732.8,695.4,647.3
606.1,568.4,569,580.4,631.1,1426.9,1647.2,1778,900.8,875.6,854.1,801.8,783.5,778.4,785.9,804.2,815.9,1774.8,2059.8,1627,1584.1,710.3,650.6,621.3
590.2,556.7,547,572,644.2,1477.4,1735.3,1832.7,890.9,889.6,861.5,839.2,812.9,812.6,797.3,810.1,819.4,2317.3,2418.1,2253.8,1798.2,747.1,670.7,656.9
598.8,615,607.8,614.7,638.2,1444.7,1731.3,1882.5,932.1,882.5,895.5,846.5,844.7,831.1,847,863.4,893.3,2113.5,2420.2,2130.7,1646.3,737.9,665.7,651
617.9,618.5,615,598.9,649.1,1441.7,1698.9,1861.8,931.1,895.1,860,853.7,804.7,779,808.4,787.9,750.5,2116.7,2373.6,2043.6,1540.6,670,603.1,587.4
574.6,563.1,559.2,567.1,613.7,1356.3,1470.8,1451,709.6,672,598.2,558.5,520.7,529.6,542.1,564.1,629.3,1685.8,2017.1,1898.8,1452.5,597.7,526.5,515.7
497.5,489.2,491,498.1,539.3,1278.8,1533,1702.9,881.4,867.3,809.2,798,774.3,774.8,800.4,813.8,834.8,2113.6,2476.6,2306.6,1833.6,707.1,705.4,621.9
595.3,588.8,616.4,612.4,638.7,1440.9,1670.4,1792.1,907.6,861.8,814.3,696.8,740.7,712.6,728.7,753.2,777.1,2075.9,2417,2050.2,1533.7,727.8,664.2,631.2
603.2,612.5,586,599.8,664.1,1453,1738,1885.2,910.7,862,826.4,819.4,797,784.8,801.1,838.5,830.7,2413,2405.3,2188,1641.7,728.2,663.8,668.1
637.5,616.9,623.3,630.7,690.9,1590.8,1826.4,1931.2,918.4,848.9,849.6,792.1,798.8,795.5,809.8,830,841.6,2130.6,2475.6,2190.7,1668.3,721.5,653.7,638.3
612.7,617.9,605.9,619.2,659.6,1557.3,1748.2,1944.3,888.4,843.8,826.2,790.4,801.1,814,815.2,847.1,925.7,2094.8,2460.4,2192.8,1628.9,729.4,676.6,647
627.1,616.3,623.9,634.8,672.8,1535.1,1754.7,1937.9,875.9,881.9,862.1,817.7,806.6,763,752.5,780.5,769,2091.2,2480.1,2261.5,1883.7,722.3,646.6,628.4
607.3,586.9,593.8,620,673.4,1427.5,1795.5,1911.7,894.5,867.3,849.4,809.3,801.2,801.2,784.7,791.4,805.5,2359.1,2511,2328,1615.7,733,647.8,618.5
601.5,616.9,602.9,622.5,661.6,1397.5,1687.6,1869.3,890.1,845.5,836.4,820.6,782.6,811.7,836.4,864.2,863.9,2536.4,2507.3,2328,1635.6,726.4,668.9,644.2
614.3,611,590.4,590.8,604.2,1354.5,1569.6,1744.6,854.4,793.9,776.3,747.2,722.2,703.1,761.7,787.3,807.3,1738.1,1804.9,1825.1,1611,707.2,633.3,590.2
606.7,608.1,583.3,604.8,634.3,1402.7,1739.5,1892.2,890.7,846.4,813,801.6,796.6,788,804.1,824.4,976.2,2396.2,2451.5,2360.8,1751.2,695,636.4,611.9
601.2,589.5,599,610.7,662.3,1507.3,1760.7,1972.4,920.1,763.6,846.1,812.3,799.9,815.7,824.1,846.6,891,2438.9,2498.8,2279.2,1802.6,763.7,682.7,650.3
626,621.3,620.3,607.1,677.1,1528.9,1749,1883.2,924.6,884.3,870.4,831,813.8,817.8,811.3,890.2,1004.1,2493.5,2500.4,2078.3,1693.6,846.5,689.7,679.2
627.9,617.4,616.6,600.7,656.7,1491.6,1789.8,1920.5,900.5,875.1,825.6,789.9,786.7,787.8,802.2,835.7,998.3,2466.1,2494,2057.8,1658.8,727.5,682,629.8
609.3,595.6,590.5,563.7,642.8,1510.5,1262.3,1894,883.3,869.1,823,793.2,789.6,784.1,810.7,838.7,841.9,1840.4,2466.5,2231.9,1841.1,725.8,662.4,640.6
612.7,606.7,600.1,600.8,653.1,1514,1797.5,1938.3,948,871.6,828,811.3,792,798.5,834.3,844.9,1016.1,2425.1,2451.9,2204.2,1650.7,747.5,682,642.5
593.8,591.7,600,596.1,639,1430.3,1658.4,1811.8,904.7,847.1,761.1,751.7,708.5,724.2,731.5,732.1,778.3,1749.5,1810.5,1962.2,1788.1,707.1,657.1,635.7
617.3,594.4,607.7,553.7,674.1,1591.5,1839.3,1998.4,914.6,897,857.4,834.6,810.4,830.6,808.7,843.6,956.9,2406.5,2464.4,2152.3,1668.4,750.1,702,665.7
640.7,631.5,618.6,629.3,664.1,1500.1,1735.5,1972.5,974.8,908.7,856.4,814.2,803.4,787.4,805.3,840.3,812.3,2229.1,2495.7,2220.8,1675.5,731.7,665,642.7
616.7,608.2,608.7,605.9,659.1,1498.3,1758.3,1956.7,937.7,905.7,888.4,832.9,837.2,825.5,820.7,837.8,795.2,2102.1,2466.3,2191.4,1691.7,730.9,675.8,642.1
616.9,613.5,602.6,607.2,105.3,1146.3,1802.3,1980.7,922.9,885.2,864.2,848.2,830.7,855.9,867,870.5,823.2,1061.7,2260.8,2226.3,1769.5,759.2,692.6,672.4
645.1,623.3,605.9,610.2,659.3,1506.9,1779.5,1954,940.7,909.3,860.6,800.3,813.1,816,844.8,861.6,863.4,2064.2,2546.9,2419.9,1969.6,772.4,701.2,696.8
655.5,649.7,639.1,621.7,677.3,1541.3,1806,1992.2,928.3,897.1,823,791.3,790.9,788,779.8,819,795.7,2402.7,2145.6,2328.8,1907.6,736.7,694.3,651.5
107.4,583.4,562.8,590,622.4,1369.2,1582.6,1767.3,871,845,787.7,783.7,720.5,726,723.8,720.3,870.9,2174.7,2450.2,2141.7,1688.2,718.8,643.6,617.4
579,577.6,572.6,573.2,624.3,1386.8,1689.7,1935.8,931.3,884.8,865.2,846.3,820.8,895.9,910.3,909.9,951.1,2267.2,2514.8,2152.7,1690.5,770.2,674.9,664.4
630.2,629.1,613.1,628.2,672.1,1500.3,1801.8,1963.3,932.1,885.1,861.3,785.5,822.8,814.6,797.7,822.9,788.5,2135.3,2483.7,2334.2,1800.5,757,679.9,643
611.5,593.6,597.9,612.3,656.4,1474.4,1758.9,1969.6,916.2,889.4,876.8,835.3,822,843.9,812.6,838,917.2,2348.3,2279.4,2318.8,1938.4,746.2,680,663.4
648.6,619.8,620.8,626.8,668.4,1474.8,1854,2051.2,929.9,983.8,922.1,854.2,821.4,793.1,793.6,837.6,1044.6,1944.4,2523.2,2249.8,1690,742,684.7,644.3
630.1,626.9,629.7,625,656.4,1386.6,1661.6,1896.4,945.5,922.9,862.4,852,843.4,823.9,844.1,842.6,805.3,2345.7,2492.6,2266.4,1812.6,760.4,691.3,656.2
555.2,605.9,603.1,612.8,658.6,1456.4,1803.4,2034.9,903.6,939.6,871.3,855.8,828.6,840,845.8,868.5,875.6,2402.2,2542,2279.2,1755.4,779,688.3,657.5
620.9,617.9,614.6,622.7,634.7,1391.3,1564.2,1839,921.6,908,850.5,807.9,763.9,739.7,716.6,757.8,769.9,2020.4,2442.6,2276.7,1830.6,743.6,683.5,647.6
611.3,591.2,587.5,608.4,615.9,1372.7,1708.9,1959.2,999.1,917.8,931.7,855.1,854.1,864.2,870.5,923,919.1,2540.4,2598.8,2464.1,2132.9,781.9,726.9,693
665,642.1,654.9,650.9,685.5,1587.6,1901.8,2090.4,1000.7,957.4,943.2,878.5,858.8,861.7,878.8,913.5,896.3,2396.2,2598.4,2493.6,2116.3,786.9,727.7,700.3
669.4,649.3,650.7,655.3,691,1495.7,1637.3,1991.5,990.4,984.5,958.2,896.7,880.4,874,863.5,862.2,899.9,2449.8,2632.5,2459.1,2177.2,805.8,715.3,683.7
647.5,632.4,618,616.8,676,1684.6,1771.6,2141.3,1052.5,143.5,920.3,906,876.1,874.9,860.7,902.5,815.6,2291.1,2492.3,2481.5,2036.9,838.6,747.2,691.1
668,658.2,641.9,630.1,676.4,1466.7,1822.3,2051.1,917.5,907.6,889.3,861.1,842.3,836.1,809.4,848.1,850.5,2255.4,2655.7,2517.2,1947.7,841.6,726.1,698.4
670.6,670.4,661.8,653.8,631.9,1518.2,1854.2,2019.5,1037.4,966.7,961,898.1,895.1,858,805.3,802.3,785.3,2376.5,2552.8,2514.2,1997.5,837.4,733.1,716.5
682.9,655.9,636.8,632.8,685.1,1466.1,1747.7,1958.8,999.8,945.8,877.7,829.4,779.7,771.5,777,783.8,772.7,2210.5,2541,2463.8,1934.5,805.7,740.2,702.2
627,612.4,628.5,629.3,669.7,1531,1848.8,2104.1,1063.3,1079.5,937.5,912.2,868.4,873.8,891.6,906.2,1010.5,2329.1,2585,2209.8,1912.8,846.2,757.7,701.3
662.5,633.6,621.6,621.3,662.5,1455.2,1789.1,1872.9,888.9,856.5,823.2,769.5,738.6,694,719.8,723.7,705.5,2106.8,2446.1,2218.6,1771.9,775.2,704.7,646.1
612.5,610.9,606.3,580.1,634.4,1371.5,1625.2,1872,911.5,910,870.9,874.8,852.9,795.7,754,780.3,1015.9,2209.1,2474.2,2469.3,1786.6,792,723.9,686.4
632.6,635.1,628,637.4,646.7,1469.6,1745,1980.8,971.9,928.3,902.3,842.6,815.3,799.2,826.1,852.7,834.9,2293.3,2557.3,2274.1,1953.7,758.2,695.9,621.6
647.9,609.3,602.8,614.1,625.7,1504.6,1645.2,1782.9,888.4,934.9,888.4,874.4,881.7,864.2,856.3,886.2,794,2264,2575.5,2275,1878.2,814.5,731.8,704.9
672,646.2,677.4,635.5,659.5,1493.4,1618.3,1854.2,936.9,942.9,908.8,877.7,847.4,845.2,824,860.2,836.5,1148.3,1340.2,2353.7,1756.4,752,695.8,680.7
650.2,628.6,615.9,629.8,658.3,1423,1609.2,1866,913.1,889.9,842.7,818.8,778.1,729.8,724.2,739.2,714.9,2050.5,2473,2247,1743.1,736.1,678.1,648.5
606.5,602.5,599.7,605.2,653.9,1445.5,1775.3,1986,1038.3,924.9,909.5,890.4,707.8,843,845.4,881.9,832.3,1738.6,2266.7,2389.1,1786,770.6,690.1,658.5
621.5,614.2,628.2,619.9,671.3,1544.4,1921.1,2059.3,923.5,908,922.6,902.3,875.9,866.4,845.6,871.2,882.1,1381.8,2549.3,2395.3,1924.2,796.5,717.3,680.7
621,620.3,600.2,600.2,630.8,1428,1672.6,1835.8,942.3,885.4,841.5,457.5,800.2,778.2,760.4,782.8,783,2167.9,2509.5,2378.7,1789.2,793.9,674.6,642.8
640.1,577.2,591.3,614,654.5,1403.5,1746.3,1853.6,849.3,814,832.7,836.1,843.4,867.3,869.3,870.6,849.7,1237,1388.6,2156.1,1797.3,779.4,712.2,666.8
643.1,648.8,622.9,621.4,660.9,1540.7,1820.9,2050.3,978.2,904.1,889.6,873.7,814,834.3,817.9,795.6,961.9,2231.8,2526,2453.3,2077.8,776,708.3,674.5
649.8,646.2,650.1,647.2,670.5,1498.6,1851.9,1984.1,911,889.3,875.9,874.9,846.6,848,859,857.3,858.2,2262.1,2562.7,2454.8,1913.5,767.5,727.2,681.1
645.8,627.5,603.8,620.8,657.7,1462.5,1625.1,1873.4,969.9,909.6,855.8,867.3,802.8,769.9,760.8,756,763.4,1979,2446,2387.9,1988.6,752.4,693,677.4
578.7,568.1,580.5,580.5,647.2,1489.8,1756.4,2027.5,985.5,846.6,905.3,850.6,834.9,576.7,786.9,829.7,968.9,2271.9,2537.6,2429.4,2077.2,793.5,730.5,680.6
643.3,653.2,628.4,663,687,1471.2,1855,2077.2,953.5,946.5,886.5,861.9,844.8,845.6,841.3,851.3,984.1,2207.7,2540.6,2426.6,2010,796.5,719.2,679.8
639.7,628.1,626.5,627.1,669.3,1542.1,1798,2005.3,972.4,995,927.1,879.1,845.6,835.5,856.8,818.5,914,2228.7,2494.1,2462.2,1956,794.1,679.3,673.2
647.5,624.8,621,627.3,659.2,706,1730.5,2020.5,923.4,914.5,912.2,894.3,864.6,822.5,869.8,901.6,863.6,1982.7,2448.7,2395.9,2237.3,856.2,709.7,659.9
634.7,617.5,615.8,627,668.5,1545.6,1881.3,2144.2,917.1,901.5,902,836.8,805.5,826.1,812.2,848.4,784.6,2233.3,2521.9,2428.5,2326.9,790.6,710,665.5
638.8,613.6,622.5,638.5,678.5,1546.2,1852.2,2228.2,904.3,900.6,905.7,831.4,824.5,803.1,836,837.1,763.8,2096.7,2476.6,2395.7,1999,772.4,694,668.3
630.7,619.2,605.1,615.1,640.4,1430.9,1640.6,1808.1,891.8,898.2,826.2,795.3,755.8,738.6,733.2,751.2,716.9,1933.7,2386.2,2181.1,1788.9,729.8,667.6,627.1
593.4,590.7,582.3,597.7,633.3,1442.9,1705.4,1962.8,940.2,913.5,879.6,837,809.2,803.1,811.6,726.5,731.7,1812.5,2470.9,2365.3,1786.1,755,685.7,656.9
629.1,620.4,597.9,621.5,673.8,1556.3,1789.3,2025.6,943.4,873.3,835.9,816.6,705.2,726.2,811.4,820.7,773.9,1630.6,2442.4,2304.8,1749,748.7,675.1,648.7
626.1,615.7,616.1,616.6,651.5,1466.4,1825.5,2016.6,940.4,899,877.8,829.4,686.1,796.3,811.4,836.9,802.2,2077.6,2454.5,2278.1,2096.5,751.2,666.6,650.4
623.3,603.6,598.6,601.8,631.6,1515,1759.2,1971.9,907.6,900.9,886.1,835.4,829.3,785.9,834.2,834.1,966.4,2092.4,2372.4,2153.5,1729.9,747.7,701.3,670.5
601.2,602.1,609.4,605.3,645.2,1452.7,1797.2,2013.5,950.4,857.1,843,781.6,780,766.5,771.8,813.2,738.3,1943,2442.1,2159.9,1738.9,735.8,666.8,649.2
625,613.5,594.3,608.4,655.3,1474.6,1743.4,1990.3,899.6,868.5,822.6,816,793.7,787.3,744.3,710.6,744.1,1549.7,2370,2177.5,1728.8,738.3,661.6,632.5
621.5,606.7,601.3,603.7,644.4,1392.2,1697.3,1875.3,954.6,865.1,820.1,769.1,726,700.3,713,725.6,702.5,1471.3,2351.1,2231.8,1859.3,705.7,637.9,622.3
592.1,581.3,586.5,586.3,630.4,1416.5,1730.5,1972.2,935.2,871,886.4,806.2,814.9,825.1,804.1,838.9,747.5,2051.4,2426.7,2329.2,1822.7,738.5,670.9,656.6
634.6,624.5,620.6,630.2,667.9,1519.7,1747.9,1951.2,942.2,883.8,910.7,864.7,767.5,787.2,840.7,836.1,856.4,2018.9,2384.5,2272.6,1970.7,737.2,650.6,589.9
554.2,538.1,533.8,525.6,573,1207.9,1504.1,1707.3,890.4,834.2,810.7,730.5,713.7,717,729.8,730.4,682.7,1785.8,2374.1,2256.6,1910.5,777.4,715.1,671.5
603.7,583.3,586.5,594.9,633.7,1414.1,1719,1935.2,903.7,866.7,830.8,801.6,744,773.2,776.2,791.7,754,1685.4,2456.4,2316.4,2000.7,764.8,681.7,622.7
615.1,615,610.1,615.4,653.7,1443.1,1780.9,1936.2,895.4,871.8,880.4,876.3,790.1,797,786.8,788.6,721.1,1983.9,2459.3,2358.2,1962.3,743.8,678,643.1
621.6,611,597.7,603.9,660.3,1474.3,1754.1,1980,989,883.1,866.2,817.2,838.1,803.2,774.6,808.7,886,2035.9,2426.3,2073,1845.4,742.1,657.4,676
608.3,609.7,608.7,626.5,637.6,1448.2,1687.8,1849.1,918.3,857.4,809.6,743.8,711,713.1,704.1,719.9,721.2,1966.4,2341.3,2247,1843.2,681.7,639.9,623.9
594.2,574.5,586.8,579.4,628.3,1533.1,1710.2,1951.3,859.9,853,812,796,789.6,781.8,796.8,93.5,698.6,1796.5,2370.4,2246,1979.7,728.5,681.1,655.8
612.7,604,615,604.4,634.6,1472.1,1710.2,1872.7,898.5,904.9,854.2,807.5,782.7,777.4,751.3,787.4,724.5,1710.4,2396.1,2292.3,1973.2,735,659.2,647.7
627.9,601.7,611.8,617,652.8,1459.2,1741.9,1944.3,977.2,898.5,861.6,824.6,821.1,820.5,819.8,816.2,754.9,1768.3,2329.6,2267.9,1742.4,728.5,655,634.3
617.3,615.5,610.2,605,628.8,1439.5,1718.4,1961,901.6,864.6,840.3,767.4,776.9,820.3,807.6,821.7,806.4,2151,2346.1,2247.5,1815.7,725.9,671,658.2
625.9,599.2,598.2,619.3,667.9,1520.5,1699.5,1832.9,834.9,818.3,832.7,802.9,799.3,784.8,755.6,847.3,758.2,1774.9,2295.2,2274.5,2076.3,767.2,675,646.9
614.9,608,605,606.5,641.5,1451.8,1777,1966.7,883.3,869.6,850.4,843,817.2,800.6,789.8,791.2,791.3,1886.4,2372.9,2225.2,2005.7,736.8,668.6,650.8
611.3,612.6,605.3,621.5,652.9,1442,1668.6,1796.2,882,829.9,776.6,737.8,720.1,695.3,683.5,693.3,657.8,1792.5,2307.1,2262.5,1733.9,692.3,649.5,624.7
596.4,590.1,592,588,629.2,1045.7,1619.8,1861.9,858.3,801.3,838.2,806.9,760.4,764.6,782.9,823.1,744.7,1832.4,2356.7,2256.8,1766.9,729.5,663.3,650
608.8,617.8,612.6,602.5,630.2,1426.3,1683.6,1822,876.1,848.7,829.7,800.4,811.7,817,813,796.4,807.4,1872.4,2295.4,2210.8,2098.3,714.7,667,642.2
608.8,610.1,621.1,613.1,673.6,1489.7,1789.2,1937.3,910.5,831.5,815.7,751.1,760.9,761.8,773.7,738.8,757.3,1781.9,1791.7,2260.1,1807.6,705,645.9,630.9
593.9,585.1,587.9,584.3,615.2,1399.5,1659.9,1891.9,872.1,852.8,806.3,804.5,779.5,784.6,765.3,771.1,735.3,1886.7,2297.4,2246.3,1797.2,709,642.8,616.4
585.6,588.4,575.8,572.7,584.1,1321.2,1536.2,1671.7,806.6,729.9,668.8,642.9,639.7,625.6,635.3,632.5,623.1,1584,1917.8,1974.3,1516.3,637.2,574,534.4
512.1,507.9,502.4,505.6,537.3,1227,1385.6,1439.6,655.7,628.1,645.6,637.4,562.1,561.5,555.2,552.2,567.3,739.5,1618.8,1492.3,1375,554.5,491.7,481.9
453.9,446.3,437.1,445.8,472.3,1057.4,1234.7,1374.1,714.6,680.1,631.8,619.7,606.6,600,591.9,575,583.5,1245.6,2219.3,2180.3,1735.8,651.7,589.2,569
536.2,533.8,532.8,538,584.7,1335.8,1531.2,1518.7,673.5,674.5,694.3,630.2,611.7,678.3,753.5,760.2,727.5,1608.8,2325.5,2287.8,1802.8,716.5,653.3,632.5
617.6,607.2,604.5,616.5,684.6,1482.1,1705.8,1830.9,841.2,792.3,859.5,760.1,746,729.9,766.4,771.4,734.2,1518.9,2229.6,2123.6,1722.7,710.4,674.2,646.7
617.3,599.3,605.4,598.1,622.1,1420,1733.7,1825.6,844.6,829.3,812.1,789.9,757.2,747.4,762.9,768.9,743,1749.9,2299.7,2306.1,1881.4,754.2,687.6,670.7
630.7,624.2,622.1,616.7,650.1,1432.3,1757.1,1883.5,856.2,829.1,814.9,805.7,795.8,779.8,746.2,760.2,756.4,1500.9,2338.8,2296.9,1823.1,739.2,670.7,648
620.3,605.2,603.4,594.5,640.8,1426.4,1720,1884.5,933.4,858.7,842.2,809.7,801.6,817.2,827.4,827.8,787.8,2049.1,2331.5,2306.8,1949.7,744,680.3,658.3
629.5,635.6,649.9,649.4,690.6,1495.9,1698.2,1883.9,917.2,857.4,828.5,833,808.6,829.4,842.8,833.3,790.3,1788.2,2285.7,2281.4,1968.1,758.2,706.2,640.9
637.7,624.5,609.2,619.7,636.8,1412.9,1705,1700.9,836,807.9,783.5,775.2,753.3,714.7,730.9,710.8,697.3,1513.2,2244.4,2229.4,1836.6,731.1,676.2,639.2
614.5,605.9,595,599.5,623.4,1417.8,1775.4,1930.4,871.5,848,833.1,825,809.4,837.9,820.5,816.3,748.6,1742.4,2201,2186.7,1742.3,725.6,694,668.1
630.7,631.2,600.6,612.1,662.7,1483.6,1742.4,1857.4,879.4,844.1,857,799.8,793.8,793.6,809.3,832.4,766.2,1740.7,2194.2,2199.6,1718.7,729.1,666.3,632.6
617.8,600.7,586.9,596.6,634.6,1372.8,1602.3,1745.7,836.7,814.8,811.4,810.9,793.9,776.6,775.4,782,731.6,1890.9,2285.8,2262.4,1891.4,746.1,684.3,650.2
624.2,626.1,632.1,634.9,680.1,1501.8,1764.5,1886.2,896.6,848.6,829.3,804.3,794.6,797.4,810.4,830.2,126.7,253.4,1307,2212.8,2089.9,736.1,696.6,670.9
678.6,656.1,662.9,666.5,695,1498.1,1804.3,1964.7,881.6,853.1,851.5,830.9,796.5,831.2,836.2,843.9,818.7,1569.3,2214,2360.5,2149.6,864.4,685.2,647.5
588.2,575.5,531.8,547.8,575.8,1434.9,1551.2,1623.6,824.7,863,835.1,828.6,801.4,796.6,823,803.9,775.1,1914.9,2354.3,2396,1965.2,769.6,744.1,718.7
710.9,670,656.8,659.2,680.7,1528.6,1745.8,1855.3,894.4,854,798.2,791.8,745.3,722.7,706.6,721.4,736.9,1798,2248.2,2373.4,2075.6,813,734.8,681.9
654.6,639.4,635.4,614.9,659.4,1471.7,1820.4,1936.7,912.6,905.7,869,854.9,822.9,856.6,827.7,836.7,849.4,1509.1,2382.7,2332.9,2169.4,873.6,762.7,707.8
694.1,663.7,667.5,655,704.6,1636.2,1882,2008.7,952.9,910.2,881.7,841.4,869.4,876.5,894.9,914.9,903.5,1733.4,2273.6,2336.5,1995.5,747.9,862,733.1
670,657.5,652.3,664.6,676.6,1535.8,1896.5,1950.2,860.2,864.3,873.9,865.4,852.6,863.8,864.4,876.3,853.5,1833.8,2353.7,2333.9,2231.8,840.8,727.1,704.7
681.1,643.5,650,664.7,693.8,1608.4,1859.8,1952.1,917.4,873.9,837.6,877.1,875.1,890.8,894.6,915.1,821.7,1750.2,2366.9,2413.6,2278.6,867.1,753.1,704
665.5,651.7,652.3,643.8,686.2,1524.3,1760.3,1939.7,949.5,873.6,885.8,842.1,850.7,873.5,881.3,901.4,837.2,1901.2,2333.1,2403.2,2275.7,838.2,723.1,693.3
685.8,680.8,675.4,683.1,726.5,360.8,1803.1,1845.4,915.9,865.9,891.4,891,121,788.8,103.5,825.3,852.6,1693.2,2456.1,2391.2,2338.9,849.8,759.8,734.6
705.6,687.1,665.3,665.3,719.9,1507.9,1813.1,1971.2,965.9,866.5,804.4,766.1,740.8,730.8,725.9,766.2,736.3,1538.5,2191.2,2332.2,2200.4,766.4,721.9,706.1
680.1,653.8,646.8,651.5,667,1523.5,1726.7,1771.4,886.2,858.7,864.9,840.8,824.4,835.7,801.9,807.1,793.7,1813.2,2251.8,2335.4,2173.1,825.2,759.6,680.7
699.5,665.9,669.8,676.8,752.3,1601.2,1777.6,1789.1,876.2,900.8,872.8,865.2,881.1,845.2,858.1,872.4,836.9,1756,2224.1,2331.2,2222.7,793.3,760.5,732.5
704.6,675.1,686.3,684.3,737.9,1591.9,1846.8,1966.5,793.5,906.5,842.5,858.9,861.1,856.6,883.9,884.9,859,1811.3,2292.8,2410,2284.8,843,770.1,739.6
710.3,697.7,687,695.8,746.7,1673.6,1884.8,1949.5,917,847.6,837.7,853.2,846,881.2,895.5,866.4,836.5,1955.6,2289.6,2415.6,2298.3,805.4,749.8,696.1
724.9,673,647.7,625.3,667.4,1482.6,1640.7,1834,893.9,861.5,917.5,886.3,869.8,883,899.7,885.7,844,1704.5,2311.1,2380.1,2246.9,787.5,756.7,727.2
707.1,685.3,686.3,674,680.1,1524.9,1681.1,1810.6,883.7,786.7,803,816,809.4,796.1,796,871.3,853.6,891.1,2418,2350.4,1913,577.9,541,544.7
525.3,540.9,528.4,547.6,559,1229.6,1402.6,1500.8,748.9,747.4,731.3,684.3,691.2,694.4,716.2,721,731.9,1397.6,2203.9,2275.8,2247.9,792.6,707.8,675.9
644.5,622,618.6,619.1,646.1,1487.7,1740.1,1857.7,897.2,901.1,852,852,839.4,868.1,886.5,880.8,846.1,1983.9,2318.2,2414.3,2248.3,801.5,763.5,713.6
689.9,667.8,663,642.7,680.5,1503.4,1776.1,1892.8,914.7,913.4,903,913.1,896.2,873,887.7,887.5,890.6,1852.2,2279.1,2360.2,2155.7,903.1,781.9,716.9
703.8,686.7,697.7,719.6,758.5,1601.9,1809.8,1942,943.9,916.7,933.8,942.4,924.9,939.8,956.9,932,874.3,1830.9,2320.6,2384.4,2195.3,831.5,382.3,814.3
776.3,772.3,737.9,739.2,712.8,1612,1781.8,1798.4,808.3,788.5,932.6,869.7,899.9,906.9,814.9,811.2,730,1477.4,1924.6,2251.7,1886.7,701.3,712,670.4
649.5,636.8,632.9,140.5,145.1,1351.3,1369,1263.1,690.6,740.1,749.7,761.8,779.9,873.3,842.4,865.8,810.3,1883.3,2227.2,2311.3,2210,810.4,771.2,740.1
692.4,693.3,672.1,687.8,728.4,1562.3,1726.5,1834.2,897.4,905,873.3,874.6,873.5,903.3,902.7,854.8,829.3,1740,2268.8,2402.3,2219.3,837,814.3,764.4
722.5,710,694.6,679.4,643.4,1457.8,1359.9,1449.5,750,658.5,665.4,745.3,736,721.4,756.7,736.1,741.2,1402.7,1780.8,1897.7,1943.7,851.2,749.2,718.6
687.6,680.6,679.6,671.1,667.7,1432.2,1714.9,1802.3,917.1,872.1,874.1,879.2,854.5,885.9,859.1,847.1,817.1,1729.5,2272.7,2387.1,2218.3,402.6,759.4,707.9
593.5,613.8,652.7,641.9,651.7,1373.8,1624.8,1841.7,899.6,850.4,891.7,906.4,873.9,867.5,852.6,847.8,103.5,1675.3,2201.7,2313.5,2219.7,784.2,749.1,720.1
692.3,685.6,683.7,698.6,699.6,1546.6,1701.7,1816.2,899.5,870,849.8,860.7,841.9,840.9,784.9,816.9,771.8,1703.4,2018.4,2258.1,2118.7,734.1,718.4,682.9
623.7,607.7,605.5,610.1,643,1418.6,1588.7,1699.3,871.9,848.6,892.4,958.5,856.3,865.9,856.6,868.4,802.5,1473.7,1612.9,1744.2,1705.3,784.5,745.4,730.7
693.7,682.3,669.5,686.7,715.7,1535.2,1729.1,1843.4,934.8,903.6,875.9,871.2,889.2,861.8,860.4,871.1,896.2,1667.3,2153.6,2301.8,2065.9,814.7,784.9,767
708,709.3,651.7,688.4,750.4,1531.7,1669.9,1829,936.9,917.4,902.2,898.2,910.9,880.2,886,887.1,812.9,1852.4,2178.8,2376.4,2292.6,829.3,790.5,759.3
